4f0fbb,127.0.0.1,GET,http://127.0.0.1:8000/admin/,1682272378,76f7bc,200
76f7bc,127.0.0.1,GET,http://127.0.0.1:8000/admin/,1682272378,,403
628b62,127.0.0.1,GET,http://127.0.0.1:8000/admin/front/assets/vendor/remixicon/remixicon.css,1682272379,60bf26,200
60bf26,127.0.0.1,GET,http://127.0.0.1:8000/admin/front/assets/vendor/remixicon/remixicon.css,1682272379,,404
8846ca,127.0.0.1,GET,http://127.0.0.1:8000/admin/front/assets/img/favicon.png,1682272379,ba2620,200
ba2620,127.0.0.1,GET,http://127.0.0.1:8000/admin/front/assets/img/favicon.png,1682272379,,404
23f4b3,127.0.0.1,GET,http://127.0.0.1:8000/logout,1682272393,,302
2f005b,127.0.0.1,GET,http://127.0.0.1:8000/,1682272393,,404
0deaee,127.0.0.1,GET,http://127.0.0.1:8000/favicon.ico,1682272393,aa9c7b,200
aa9c7b,127.0.0.1,GET,http://127.0.0.1:8000/favicon.ico,1682272393,,404
a7b927,127.0.0.1,GET,http://127.0.0.1:8000/login,1682272409,,200
4dbe43,127.0.0.1,POST,http://127.0.0.1:8000/login,1682272415,,302
b27c7b,127.0.0.1,GET,http://127.0.0.1:8000/user/,1682272415,,200
173ebc,127.0.0.1,GET,http://127.0.0.1:8000/user/front/assets/vendor/remixicon/remixicon.css,1682272415,886db7,200
886db7,127.0.0.1,GET,http://127.0.0.1:8000/user/front/assets/vendor/remixicon/remixicon.css,1682272415,,404
535c4e,127.0.0.1,GET,http://127.0.0.1:8000/admin/,1682272420,,200
59e2ae,127.0.0.1,GET,http://127.0.0.1:8000/admin/front/assets/vendor/remixicon/remixicon.css,1682272420,932e9b,200
932e9b,127.0.0.1,GET,http://127.0.0.1:8000/admin/front/assets/vendor/remixicon/remixicon.css,1682272420,,404
14a865,127.0.0.1,GET,http://127.0.0.1:8000/admin/23/edit,1682272502,c9ac1a,200
c9ac1a,127.0.0.1,GET,http://127.0.0.1:8000/admin/23/edit,1682272502,,500
c87f80,127.0.0.1,GET,http://127.0.0.1:8000/admin/23/front/assets/vendor/remixicon/remixicon.css,1682272502,218459,200
218459,127.0.0.1,GET,http://127.0.0.1:8000/admin/23/front/assets/vendor/remixicon/remixicon.css,1682272502,,404
fd5237,127.0.0.1,GET,http://127.0.0.1:8000/admin/23/front/assets/img/favicon.png,1682272502,b510dc,200
b510dc,127.0.0.1,GET,http://127.0.0.1:8000/admin/23/front/assets/img/favicon.png,1682272502,,404
eff366,127.0.0.1,GET,http://127.0.0.1:8000/admin/,1682272545,,200
f2ad26,127.0.0.1,GET,http://127.0.0.1:8000/admin/front/assets/vendor/remixicon/remixicon.css,1682272546,bedd89,200
bedd89,127.0.0.1,GET,http://127.0.0.1:8000/admin/front/assets/vendor/remixicon/remixicon.css,1682272546,,404
ee91cb,127.0.0.1,GET,http://127.0.0.1:8000/admin/23/edit,1682272553,d9171c,200
d9171c,127.0.0.1,GET,http://127.0.0.1:8000/admin/23/edit,1682272553,,500
00b01e,127.0.0.1,GET,http://127.0.0.1:8000/admin/23/front/assets/vendor/remixicon/remixicon.css,1682272553,4a89ff,200
4a89ff,127.0.0.1,GET,http://127.0.0.1:8000/admin/23/front/assets/vendor/remixicon/remixicon.css,1682272553,,404
3b9b67,127.0.0.1,GET,http://127.0.0.1:8000/admin/24/edit,1682272558,089cb8,200
089cb8,127.0.0.1,GET,http://127.0.0.1:8000/admin/24/edit,1682272558,,500
e8b037,127.0.0.1,GET,http://127.0.0.1:8000/admin/24/front/assets/vendor/remixicon/remixicon.css,1682272558,5602e5,200
5602e5,127.0.0.1,GET,http://127.0.0.1:8000/admin/24/front/assets/vendor/remixicon/remixicon.css,1682272558,,404
549a73,127.0.0.1,GET,http://127.0.0.1:8000/admin/24/front/assets/img/favicon.png,1682272558,14cd4e,200
14cd4e,127.0.0.1,GET,http://127.0.0.1:8000/admin/24/front/assets/img/favicon.png,1682272558,,404
14275c,127.0.0.1,GET,http://127.0.0.1:8000/admin/27/edit,1682272571,d14fe5,200
d14fe5,127.0.0.1,GET,http://127.0.0.1:8000/admin/27/edit,1682272571,,500
e3ec34,127.0.0.1,GET,http://127.0.0.1:8000/admin/27/front/assets/vendor/remixicon/remixicon.css,1682272571,7c8a86,200
7c8a86,127.0.0.1,GET,http://127.0.0.1:8000/admin/27/front/assets/vendor/remixicon/remixicon.css,1682272571,,404
564557,127.0.0.1,GET,http://127.0.0.1:8000/admin/27/front/assets/img/favicon.png,1682272571,5eba47,200
5eba47,127.0.0.1,GET,http://127.0.0.1:8000/admin/27/front/assets/img/favicon.png,1682272571,,404
43b99d,127.0.0.1,GET,http://127.0.0.1:8000/admin/27/edit,1682272638,b84928,200
b84928,127.0.0.1,GET,http://127.0.0.1:8000/admin/27/edit,1682272639,,500
22f2c2,127.0.0.1,GET,http://127.0.0.1:8000/admin/27/front/assets/vendor/remixicon/remixicon.css,1682272639,f4d4a7,200
f4d4a7,127.0.0.1,GET,http://127.0.0.1:8000/admin/27/front/assets/vendor/remixicon/remixicon.css,1682272639,,404
7871fe,127.0.0.1,GET,http://127.0.0.1:8000/admin/27/edit,1682272642,3f2324,200
3f2324,127.0.0.1,GET,http://127.0.0.1:8000/admin/27/edit,1682272642,,500
d3d1c3,127.0.0.1,GET,http://127.0.0.1:8000/admin/27/front/assets/vendor/remixicon/remixicon.css,1682272643,6992bf,200
6992bf,127.0.0.1,GET,http://127.0.0.1:8000/admin/27/front/assets/vendor/remixicon/remixicon.css,1682272643,,404
28481c,127.0.0.1,GET,http://127.0.0.1:8000/user/,1682272654,,200
ddcd53,127.0.0.1,GET,http://127.0.0.1:8000/user/front/assets/vendor/remixicon/remixicon.css,1682272654,aa64ea,200
aa64ea,127.0.0.1,GET,http://127.0.0.1:8000/user/front/assets/vendor/remixicon/remixicon.css,1682272654,,404
6fdd83,127.0.0.1,GET,http://127.0.0.1:8000/user/profil?id=24,1682272675,,200
20b573,127.0.0.1,GET,http://127.0.0.1:8000/user/front/assets/vendor/remixicon/remixicon.css,1682272675,d6bc7f,200
d6bc7f,127.0.0.1,GET,http://127.0.0.1:8000/user/front/assets/vendor/remixicon/remixicon.css,1682272675,,404
8dc965,127.0.0.1,GET,http://127.0.0.1:8000/user/profil?id=24,1682272682,,200
c68e14,127.0.0.1,GET,http://127.0.0.1:8000/user/front/assets/vendor/remixicon/remixicon.css,1682272682,dfc3d6,200
dfc3d6,127.0.0.1,GET,http://127.0.0.1:8000/user/front/assets/vendor/remixicon/remixicon.css,1682272682,,404
e8c54e,127.0.0.1,GET,http://127.0.0.1:8000/user/profil?id=25,1682272688,,200
1d1b61,127.0.0.1,GET,http://127.0.0.1:8000/user/front/assets/vendor/remixicon/remixicon.css,1682272688,f5bbe3,200
f5bbe3,127.0.0.1,GET,http://127.0.0.1:8000/user/front/assets/vendor/remixicon/remixicon.css,1682272688,,404
0794e9,127.0.0.1,GET,http://127.0.0.1:8000/user/profil?id=25,1682272694,,200
fa5ad6,127.0.0.1,GET,http://127.0.0.1:8000/user/front/assets/vendor/remixicon/remixicon.css,1682272694,b966e5,200
b966e5,127.0.0.1,GET,http://127.0.0.1:8000/user/front/assets/vendor/remixicon/remixicon.css,1682272694,,404
a1956b,127.0.0.1,GET,http://127.0.0.1:8000/user/profil?id=24,1682272700,,200
b5c54e,127.0.0.1,GET,http://127.0.0.1:8000/user/front/assets/vendor/remixicon/remixicon.css,1682272700,ce6419,200
ce6419,127.0.0.1,GET,http://127.0.0.1:8000/user/front/assets/vendor/remixicon/remixicon.css,1682272700,,404
cc52b7,127.0.0.1,GET,http://127.0.0.1:8000/user/profil?id=26,1682272706,,200
2937e0,127.0.0.1,GET,http://127.0.0.1:8000/user/front/assets/vendor/remixicon/remixicon.css,1682272706,f5b18c,200
f5b18c,127.0.0.1,GET,http://127.0.0.1:8000/user/front/assets/vendor/remixicon/remixicon.css,1682272706,,404
e5dccc,127.0.0.1,GET,http://127.0.0.1:8000/user/,1682272999,,200
0121d0,127.0.0.1,GET,http://127.0.0.1:8000/user/front/assets/vendor/remixicon/remixicon.css,1682272999,ae7903,200
ae7903,127.0.0.1,GET,http://127.0.0.1:8000/user/front/assets/vendor/remixicon/remixicon.css,1682272999,,404
784906,127.0.0.1,GET,http://127.0.0.1:8000/user/23,1682273002,,200
87bd3c,127.0.0.1,GET,http://127.0.0.1:8000/user/front/assets/vendor/remixicon/remixicon.css,1682273002,a4ced6,200
a4ced6,127.0.0.1,GET,http://127.0.0.1:8000/user/front/assets/vendor/remixicon/remixicon.css,1682273002,,404
776515,127.0.0.1,GET,http://127.0.0.1:8000/user/24,1682273005,,200
7a149f,127.0.0.1,GET,http://127.0.0.1:8000/user/front/assets/vendor/remixicon/remixicon.css,1682273005,7a5d4c,200
7a5d4c,127.0.0.1,GET,http://127.0.0.1:8000/user/front/assets/vendor/remixicon/remixicon.css,1682273005,,404
621106,127.0.0.1,GET,http://127.0.0.1:8000/message/new?id=24,1682273025,,200
0f074b,127.0.0.1,GET,http://127.0.0.1:8000/message/front/assets/vendor/remixicon/remixicon.css,1682273025,96a904,200
96a904,127.0.0.1,GET,http://127.0.0.1:8000/message/front/assets/vendor/remixicon/remixicon.css,1682273025,,404
ab40ec,127.0.0.1,GET,http://127.0.0.1:8000/message/front/assets/img/favicon.png,1682273026,f5f207,200
f5f207,127.0.0.1,GET,http://127.0.0.1:8000/message/front/assets/img/favicon.png,1682273026,,404
cb63b6,127.0.0.1,GET,http://127.0.0.1:8000/admin/,1682273044,,200
74df31,127.0.0.1,GET,http://127.0.0.1:8000/admin/front/assets/vendor/remixicon/remixicon.css,1682273044,b81dba,200
b81dba,127.0.0.1,GET,http://127.0.0.1:8000/admin/front/assets/vendor/remixicon/remixicon.css,1682273044,,404
a5d74d,127.0.0.1,GET,http://127.0.0.1:8000/admin/,1682273076,,302
bcfa00,127.0.0.1,GET,http://127.0.0.1:8000/login,1682273078,,200
847520,127.0.0.1,GET,http://127.0.0.1:8000/admin/,1682273079,,302
27b32a,127.0.0.1,GET,http://127.0.0.1:8000/login,1682273081,,200
b051ad,127.0.0.1,POST,http://127.0.0.1:8000/login,1682273087,,302
57f5c6,127.0.0.1,GET,http://127.0.0.1:8000/user/,1682273087,,200
fe56f4,127.0.0.1,GET,http://127.0.0.1:8000/user/front/assets/vendor/remixicon/remixicon.css,1682273088,df0206,200
df0206,127.0.0.1,GET,http://127.0.0.1:8000/user/front/assets/vendor/remixicon/remixicon.css,1682273088,,404
ebe042,127.0.0.1,GET,http://127.0.0.1:8000/admin/,1682273096,e210d3,200
e210d3,127.0.0.1,GET,http://127.0.0.1:8000/admin/,1682273096,,403
30eedc,127.0.0.1,GET,http://127.0.0.1:8000/admin/front/assets/vendor/remixicon/remixicon.css,1682273096,3b36aa,200
3b36aa,127.0.0.1,GET,http://127.0.0.1:8000/admin/front/assets/vendor/remixicon/remixicon.css,1682273096,,404
047e37,127.0.0.1,GET,http://127.0.0.1:8000/logout,1682273103,,302
a8b5b2,127.0.0.1,GET,http://127.0.0.1:8000/,1682273103,,404
242785,127.0.0.1,GET,http://127.0.0.1:8000/login,1682273126,,200
78c42d,127.0.0.1,POST,http://127.0.0.1:8000/login,1682273131,,302
946461,127.0.0.1,GET,http://127.0.0.1:8000/login,1682273133,,200
8215ed,127.0.0.1,POST,http://127.0.0.1:8000/login,1682273139,,302
a61996,127.0.0.1,GET,http://127.0.0.1:8000/user/,1682273139,,200
71731f,127.0.0.1,GET,http://127.0.0.1:8000/user/front/assets/vendor/remixicon/remixicon.css,1682273139,da1a15,200
da1a15,127.0.0.1,GET,http://127.0.0.1:8000/user/front/assets/vendor/remixicon/remixicon.css,1682273139,,404
43c38d,127.0.0.1,GET,http://127.0.0.1:8000/admin/,1682273145,,200
87a9d7,127.0.0.1,GET,http://127.0.0.1:8000/admin/front/assets/vendor/remixicon/remixicon.css,1682273145,5936a6,200
5936a6,127.0.0.1,GET,http://127.0.0.1:8000/admin/front/assets/vendor/remixicon/remixicon.css,1682273145,,404
940e8a,127.0.0.1,GET,http://127.0.0.1:8000/admin/23,1682273149,,200
41d6fb,127.0.0.1,GET,http://127.0.0.1:8000/admin/front/assets/vendor/remixicon/remixicon.css,1682273149,2e184e,200
2e184e,127.0.0.1,GET,http://127.0.0.1:8000/admin/front/assets/vendor/remixicon/remixicon.css,1682273149,,404
f900d3,127.0.0.1,GET,http://127.0.0.1:8000/admin/23/edit,1682273155,ccaf43,200
ccaf43,127.0.0.1,GET,http://127.0.0.1:8000/admin/23/edit,1682273155,,500
470f04,127.0.0.1,GET,http://127.0.0.1:8000/admin/23/front/assets/vendor/remixicon/remixicon.css,1682273155,ce6ad4,200
ce6ad4,127.0.0.1,GET,http://127.0.0.1:8000/admin/23/front/assets/vendor/remixicon/remixicon.css,1682273155,,404
5d4c50,127.0.0.1,GET,http://127.0.0.1:8000/admin/25/edit,1682273160,7778eb,200
7778eb,127.0.0.1,GET,http://127.0.0.1:8000/admin/25/edit,1682273160,,500
f13810,127.0.0.1,GET,http://127.0.0.1:8000/admin/25/front/assets/vendor/remixicon/remixicon.css,1682273160,b11c40,200
b11c40,127.0.0.1,GET,http://127.0.0.1:8000/admin/25/front/assets/vendor/remixicon/remixicon.css,1682273160,,404
4d92be,127.0.0.1,GET,http://127.0.0.1:8000/admin/25/front/assets/img/favicon.png,1682273161,3fee0d,200
3fee0d,127.0.0.1,GET,http://127.0.0.1:8000/admin/25/front/assets/img/favicon.png,1682273161,,404
ea3164,127.0.0.1,GET,http://127.0.0.1:8000/admin/,1682273171,,200
e7f889,127.0.0.1,GET,http://127.0.0.1:8000/admin/front/assets/vendor/remixicon/remixicon.css,1682273171,5887a5,200
5887a5,127.0.0.1,GET,http://127.0.0.1:8000/admin/front/assets/vendor/remixicon/remixicon.css,1682273171,,404
8bed59,127.0.0.1,GET,http://127.0.0.1:8000/admin/25/front/assets/vendor/remixicon/remixicon.css,1682273173,e813cd,200
e813cd,127.0.0.1,GET,http://127.0.0.1:8000/admin/25/front/assets/vendor/remixicon/remixicon.css,1682273173,,404
c0cdc1,127.0.0.1,GET,http://127.0.0.1:8000/admin/23,1682273176,,200
e06fca,127.0.0.1,GET,http://127.0.0.1:8000/admin/front/assets/vendor/remixicon/remixicon.css,1682273176,8021f4,200
8021f4,127.0.0.1,GET,http://127.0.0.1:8000/admin/front/assets/vendor/remixicon/remixicon.css,1682273176,,404
13602f,127.0.0.1,GET,http://127.0.0.1:8000/admin/23,1682273481,,200
84f0ac,127.0.0.1,GET,http://127.0.0.1:8000/admin/front/assets/vendor/remixicon/remixicon.css,1682273481,d359d6,200
d359d6,127.0.0.1,GET,http://127.0.0.1:8000/admin/front/assets/vendor/remixicon/remixicon.css,1682273481,,404
e4f474,127.0.0.1,GET,http://127.0.0.1:8000/admin/23/edit,1682273485,9e456e,200
9e456e,127.0.0.1,GET,http://127.0.0.1:8000/admin/23/edit,1682273485,,500
bc6362,127.0.0.1,GET,http://127.0.0.1:8000/admin/23/front/assets/vendor/remixicon/remixicon.css,1682273485,ee0e35,200
ee0e35,127.0.0.1,GET,http://127.0.0.1:8000/admin/23/front/assets/vendor/remixicon/remixicon.css,1682273485,,404
3d0903,127.0.0.1,GET,http://127.0.0.1:8000/admin/23/edit,1682273588,2799d4,200
2799d4,127.0.0.1,GET,http://127.0.0.1:8000/admin/23/edit,1682273588,,500
19bbf8,127.0.0.1,GET,http://127.0.0.1:8000/admin/23/front/assets/vendor/remixicon/remixicon.css,1682273588,6f04cf,200
6f04cf,127.0.0.1,GET,http://127.0.0.1:8000/admin/23/front/assets/vendor/remixicon/remixicon.css,1682273588,,404
e44078,127.0.0.1,GET,http://127.0.0.1:8000/admin/23/edit,1682273663,faf4c6,200
faf4c6,127.0.0.1,GET,http://127.0.0.1:8000/admin/23/edit,1682273663,,500
a9de07,127.0.0.1,GET,http://127.0.0.1:8000/admin/23/front/assets/vendor/remixicon/remixicon.css,1682273664,6c017b,200
6c017b,127.0.0.1,GET,http://127.0.0.1:8000/admin/23/front/assets/vendor/remixicon/remixicon.css,1682273664,,404
8f0798,127.0.0.1,GET,http://127.0.0.1:8000/admin/23/edit,1682273790,9b82f9,200
9b82f9,127.0.0.1,GET,http://127.0.0.1:8000/admin/23/edit,1682273790,,500
e5e925,127.0.0.1,GET,http://127.0.0.1:8000/admin/23/front/assets/vendor/remixicon/remixicon.css,1682273790,fbf8bf,200
fbf8bf,127.0.0.1,GET,http://127.0.0.1:8000/admin/23/front/assets/vendor/remixicon/remixicon.css,1682273790,,404
c3b6e6,127.0.0.1,GET,http://127.0.0.1:8000/admin/23/edit,1682273796,07f105,200
07f105,127.0.0.1,GET,http://127.0.0.1:8000/admin/23/edit,1682273796,,500
44ff16,127.0.0.1,GET,http://127.0.0.1:8000/admin/23/front/assets/vendor/remixicon/remixicon.css,1682273796,cf1a8b,200
cf1a8b,127.0.0.1,GET,http://127.0.0.1:8000/admin/23/front/assets/vendor/remixicon/remixicon.css,1682273796,,404
603e8f,127.0.0.1,GET,http://127.0.0.1:8000/admin/23/edit,1682273886,e5fbf6,200
e5fbf6,127.0.0.1,GET,http://127.0.0.1:8000/admin/23/edit,1682273886,,500
465198,127.0.0.1,GET,http://127.0.0.1:8000/admin/23/front/assets/vendor/remixicon/remixicon.css,1682273887,98cc16,200
98cc16,127.0.0.1,GET,http://127.0.0.1:8000/admin/23/front/assets/vendor/remixicon/remixicon.css,1682273887,,404
0df933,127.0.0.1,GET,http://127.0.0.1:8000/admin/23/edit,1682273902,0612a2,200
0612a2,127.0.0.1,GET,http://127.0.0.1:8000/admin/23/edit,1682273902,,500
417283,127.0.0.1,GET,http://127.0.0.1:8000/admin/23/front/assets/vendor/remixicon/remixicon.css,1682273902,33ffcc,200
33ffcc,127.0.0.1,GET,http://127.0.0.1:8000/admin/23/front/assets/vendor/remixicon/remixicon.css,1682273902,,404
0bc641,127.0.0.1,GET,http://127.0.0.1:8000/admin/23/edit,1682273913,6f8cdf,200
6f8cdf,127.0.0.1,GET,http://127.0.0.1:8000/admin/23/edit,1682273913,,500
c0a187,127.0.0.1,GET,http://127.0.0.1:8000/admin/23/front/assets/vendor/remixicon/remixicon.css,1682273914,96a9c1,200
96a9c1,127.0.0.1,GET,http://127.0.0.1:8000/admin/23/front/assets/vendor/remixicon/remixicon.css,1682273914,,404
07142d,127.0.0.1,GET,http://127.0.0.1:8000/admin/23/edit,1682274254,56831d,200
56831d,127.0.0.1,GET,http://127.0.0.1:8000/admin/23/edit,1682274254,,500
782ee2,127.0.0.1,GET,http://127.0.0.1:8000/admin/23/front/assets/vendor/remixicon/remixicon.css,1682274254,6f2cdd,200
6f2cdd,127.0.0.1,GET,http://127.0.0.1:8000/admin/23/front/assets/vendor/remixicon/remixicon.css,1682274254,,404
ccb149,127.0.0.1,GET,http://127.0.0.1:8000/admin/23/edit,1682274313,0c90ab,200
0c90ab,127.0.0.1,GET,http://127.0.0.1:8000/admin/23/edit,1682274313,,500
78ecb7,127.0.0.1,GET,http://127.0.0.1:8000/admin/23/front/assets/vendor/remixicon/remixicon.css,1682274313,b826db,200
b826db,127.0.0.1,GET,http://127.0.0.1:8000/admin/23/front/assets/vendor/remixicon/remixicon.css,1682274313,,404
7371ab,127.0.0.1,GET,http://127.0.0.1:8000/admin/23/edit,1682274332,82f990,200
82f990,127.0.0.1,GET,http://127.0.0.1:8000/admin/23/edit,1682274332,,500
b5a849,127.0.0.1,GET,http://127.0.0.1:8000/admin/23/front/assets/vendor/remixicon/remixicon.css,1682274332,20bd41,200
20bd41,127.0.0.1,GET,http://127.0.0.1:8000/admin/23/front/assets/vendor/remixicon/remixicon.css,1682274332,,404
6cdc1d,127.0.0.1,GET,http://127.0.0.1:8000/admin/23/edit,1682274345,58ea6d,200
58ea6d,127.0.0.1,GET,http://127.0.0.1:8000/admin/23/edit,1682274345,,500
8b8bc0,127.0.0.1,GET,http://127.0.0.1:8000/admin/23/front/assets/vendor/remixicon/remixicon.css,1682274345,fad7a9,200
fad7a9,127.0.0.1,GET,http://127.0.0.1:8000/admin/23/front/assets/vendor/remixicon/remixicon.css,1682274345,,404
aad712,127.0.0.1,GET,http://127.0.0.1:8000/admin/23/edit,1682274395,720756,200
720756,127.0.0.1,GET,http://127.0.0.1:8000/admin/23/edit,1682274395,,500
815f68,127.0.0.1,GET,http://127.0.0.1:8000/admin/23/front/assets/vendor/remixicon/remixicon.css,1682274395,e85b46,200
e85b46,127.0.0.1,GET,http://127.0.0.1:8000/admin/23/front/assets/vendor/remixicon/remixicon.css,1682274395,,404
284d7e,127.0.0.1,GET,http://127.0.0.1:8000/admin/23/edit,1682274477,9bda44,200
9bda44,127.0.0.1,GET,http://127.0.0.1:8000/admin/23/edit,1682274477,,404
baa802,127.0.0.1,GET,http://127.0.0.1:8000/admin/23/front/assets/vendor/remixicon/remixicon.css,1682274478,e7dda5,200
e7dda5,127.0.0.1,GET,http://127.0.0.1:8000/admin/23/front/assets/vendor/remixicon/remixicon.css,1682274478,,404
91ab87,127.0.0.1,GET,http://127.0.0.1:8000/admin/front/assets/vendor/remixicon/remixicon.css,1682274480,6716c8,200
6716c8,127.0.0.1,GET,http://127.0.0.1:8000/admin/front/assets/vendor/remixicon/remixicon.css,1682274480,,404
63766f,127.0.0.1,GET,http://127.0.0.1:8000/admin/23fgdgdg,1682274486,,200
73ef34,127.0.0.1,GET,http://127.0.0.1:8000/admin/front/assets/vendor/remixicon/remixicon.css,1682274486,99c670,200
99c670,127.0.0.1,GET,http://127.0.0.1:8000/admin/front/assets/vendor/remixicon/remixicon.css,1682274486,,404
c1e4d0,127.0.0.1,GET,http://127.0.0.1:8000/admin/11111111111,1682274492,53f324,200
53f324,127.0.0.1,GET,http://127.0.0.1:8000/admin/11111111111,1682274492,,404
8347d7,127.0.0.1,GET,http://127.0.0.1:8000/admin/front/assets/vendor/remixicon/remixicon.css,1682274493,57b490,200
57b490,127.0.0.1,GET,http://127.0.0.1:8000/admin/front/assets/vendor/remixicon/remixicon.css,1682274493,,404
053d9d,127.0.0.1,GET,http://127.0.0.1:8000/admin/,1682274503,,200
a3760c,127.0.0.1,GET,http://127.0.0.1:8000/admin/front/assets/vendor/remixicon/remixicon.css,1682274504,746ba6,200
746ba6,127.0.0.1,GET,http://127.0.0.1:8000/admin/front/assets/vendor/remixicon/remixicon.css,1682274504,,404
7a1e75,127.0.0.1,GET,http://127.0.0.1:8000/admin/edit/23,1682274506,909562,200
909562,127.0.0.1,GET,http://127.0.0.1:8000/admin/edit/23,1682274506,,500
2d3635,127.0.0.1,GET,http://127.0.0.1:8000/admin/edit/front/assets/vendor/remixicon/remixicon.css,1682274506,eccfa0,200
eccfa0,127.0.0.1,GET,http://127.0.0.1:8000/admin/edit/front/assets/vendor/remixicon/remixicon.css,1682274506,,404
d0f5fb,127.0.0.1,GET,http://127.0.0.1:8000/admin/edit/front/assets/img/favicon.png,1682274507,486d3a,200
486d3a,127.0.0.1,GET,http://127.0.0.1:8000/admin/edit/front/assets/img/favicon.png,1682274507,,404
f35d4d,127.0.0.1,GET,http://127.0.0.1:8000/admin/edit/23,1682274518,,302
523f9b,127.0.0.1,GET,http://127.0.0.1:8000/login,1682274521,,200
735084,127.0.0.1,POST,http://127.0.0.1:8000/login,1682274531,,302
7ea15d,127.0.0.1,GET,http://127.0.0.1:8000/user/,1682274531,,200
e9b70d,127.0.0.1,GET,http://127.0.0.1:8000/user/front/assets/vendor/remixicon/remixicon.css,1682274531,d53b7d,200
d53b7d,127.0.0.1,GET,http://127.0.0.1:8000/user/front/assets/vendor/remixicon/remixicon.css,1682274531,,404
ab4c39,127.0.0.1,GET,http://127.0.0.1:8000/admin/edit/23,1682274535,4843f6,200
4843f6,127.0.0.1,GET,http://127.0.0.1:8000/admin/edit/23,1682274535,,500
ac0c28,127.0.0.1,GET,http://127.0.0.1:8000/admin/edit/front/assets/vendor/remixicon/remixicon.css,1682274536,0cfa67,200
0cfa67,127.0.0.1,GET,http://127.0.0.1:8000/admin/edit/front/assets/vendor/remixicon/remixicon.css,1682274536,,404
d57af8,127.0.0.1,GET,http://127.0.0.1:8000/admin/edit/23,1682274600,403ce2,200
403ce2,127.0.0.1,GET,http://127.0.0.1:8000/admin/edit/23,1682274600,,500
29e156,127.0.0.1,GET,http://127.0.0.1:8000/admin/edit/front/assets/vendor/remixicon/remixicon.css,1682274600,fdf7a3,200
fdf7a3,127.0.0.1,GET,http://127.0.0.1:8000/admin/edit/front/assets/vendor/remixicon/remixicon.css,1682274600,,404
a7f48d,127.0.0.1,GET,http://127.0.0.1:8000/user/,1682274607,,200
90d6ec,127.0.0.1,GET,http://127.0.0.1:8000/user/front/assets/vendor/remixicon/remixicon.css,1682274607,58a385,200
58a385,127.0.0.1,GET,http://127.0.0.1:8000/user/front/assets/vendor/remixicon/remixicon.css,1682274607,,404
c509a7,127.0.0.1,GET,http://127.0.0.1:8000/admin/,1682274612,,200
88117c,127.0.0.1,GET,http://127.0.0.1:8000/admin/front/assets/vendor/remixicon/remixicon.css,1682274612,dd54df,200
dd54df,127.0.0.1,GET,http://127.0.0.1:8000/admin/front/assets/vendor/remixicon/remixicon.css,1682274612,,404
7dcca0,127.0.0.1,GET,http://127.0.0.1:8000/admin/edit/23,1682274615,8a331c,200
8a331c,127.0.0.1,GET,http://127.0.0.1:8000/admin/edit/23,1682274615,,500
6f204d,127.0.0.1,GET,http://127.0.0.1:8000/admin/edit/front/assets/vendor/remixicon/remixicon.css,1682274615,c805f1,200
c805f1,127.0.0.1,GET,http://127.0.0.1:8000/admin/edit/front/assets/vendor/remixicon/remixicon.css,1682274615,,404
27e32b,127.0.0.1,GET,http://127.0.0.1:8000/admin/edit/23,1682274645,,200
03ee85,127.0.0.1,GET,http://127.0.0.1:8000/admin/edit/front/assets/vendor/remixicon/remixicon.css,1682274645,726d43,200
726d43,127.0.0.1,GET,http://127.0.0.1:8000/admin/edit/front/assets/vendor/remixicon/remixicon.css,1682274645,,404
301309,127.0.0.1,GET,http://127.0.0.1:8000/admin/edit/23,1682274661,,200
1f4f29,127.0.0.1,GET,http://127.0.0.1:8000/admin/edit/front/assets/vendor/remixicon/remixicon.css,1682274661,a93be0,200
a93be0,127.0.0.1,GET,http://127.0.0.1:8000/admin/edit/front/assets/vendor/remixicon/remixicon.css,1682274661,,404
514b25,127.0.0.1,GET,http://127.0.0.1:8000/admin/edit/23,1682274672,,200
9460b8,127.0.0.1,GET,http://127.0.0.1:8000/admin/edit/front/assets/vendor/remixicon/remixicon.css,1682274672,d209f5,200
d209f5,127.0.0.1,GET,http://127.0.0.1:8000/admin/edit/front/assets/vendor/remixicon/remixicon.css,1682274672,,404
